# 読み方: 左: 塩基ペアの番号 中央: RNA1の塩基配列 (これと相補的な配列とペアを作ったときのΔGを計測) 右端: ペアを作った際の -ΔG (kcal / mol; 負の符号に注意!)
# 例えば 8番は GCACG-CGUGC のRNAが対を作ると、RNAが対を作らない状態より6.17 kcal/mol だけ安定になります
# データ出典: Xia et al., Biochemistry 37, 14719 (1998).
# 自己相補的配列の場合も、補正項は加えなくて構いません（何のことかわからなかったら無視してください）
1 CCGG 4.55
2 CGCG 3.66
3 GCGC 4.61
4 GGCC 5.37
5 ACGCA 4.97
6 AGCGA 5.05
7 CACAG 4.70
8 GCACG 6.17
9 GCUCG 6.14
10 ACCGGU 8.51
11 AGCGCU 7.99
12 AGGCCU 8.36
13 CACGUG 6.59
14 CAGCUG 6.68
15 CCAUGG 7.30
16 CCGCGG 9.84
17 CCUAGG 7.80
18 CGCGCG 9.12
19 CGGCCG 9.90
20 CUGCAG 7.11
21 GACGUC 7.35
22 GAGAGA 6.95
23 GAGCUC 7.98
24 GAGGAG 8.50
25 GCAACG 7.01
26 GCAUCG 7.26
27 GCAUGC 7.38
28 GCCGCG 10.88
29 GCCGGC 11.20
30 GCGCCG 10.91
31 GCGCGC 10.62
32 GCGCGG 11.38
33 GCGGCG 10.40
34 GCGUCG 8.76
35 GCUACG 7.56
36 GCUAGC 7.92
37 GGAUCC 7.44
38 GGCGCC 11.33
39 GGCGCG 10.78
40 GGUACC 7.35
41 GUCGAC 7.09
42 GUGCAC 7.65
43 GUGGUG 7.67
44 GUGUCG 7.18
45 UCAUGA 4.31
46 UCCGGA 7.79
47 UCGCGA 6.85
48 UCUAGA 4.95
49 UGAUCA 5.05
50 UGCGCA 8.22
51 AAGGAGG 9.54
52 ACUGUCA 7.92
53 AGUCUGA 7.52
54 GACUCAG 9.05
55 GAGUGAG 9.71
56 GUCACUG 8.62
57 AACUAGUU 7.16
58 AAUGCAUU 7.18
59 ACCUUUGC 10.64
60 ACUAUAGU 6.98
61 ACUUAAGU 6.16
62 AGAGAGAG 11.12
63 AGAUAUCU 6.58
64 AGUUAACU 6.36
65 AUACGUAU 6.53
66 AUCUAGAU 7.20
67 AUGCGCAU 10.17
68 AUGUACAU 6.49
69 CAAAAAAG 4.61
70 CAUGCAUG 9.67
71 CGACGCAG 12.32
72 CUCGCACA 12.11
73 GAACGUUC 9.30
74 GAUAUAUC 6.09
75 GAUGCAUC 10.12
76 GGCUUCAA 10.20
77 GUAUAUAC 5.94
78 GUCUAGAC 10.11
79 GUUCGAAC 8.76
80 UAGAUCUA 7.25
81 UAUGCAUA 7.27
82 UCCUUGCA 11.09
83 UCUAUAGA 6.96
84 UGACCUCA 12.34
85 UUCCGGAA 10.79
86 UUGCGCAA 10.18
87 UUGGCCAA 11.00
88 UUGUACAA 6.70
89 CAAAAAAAG 5.47
90 AAGGUUGGAA 12.69
